,0,1,2,3,4,5,6,7,8,9,accuracy,macro avg,weighted avg
precision,0.9545454545454546,0.9661016949152542,0.907627711686494,0.9467707594038325,0.9415680473372781,0.9538855678906917,0.9300271739130435,0.945691527878349,0.9352051835853131,0.9448424068767909,0.9426428571428571,0.9426265528032503,0.9429137000305012
recall,0.9718004338394793,0.9808795411089866,0.9557848194546794,0.9093387866394002,0.9346549192364171,0.8957497995188453,0.9729921819474058,0.9450072358900145,0.9447272727272727,0.9090282563749138,0.9426428571428571,0.9419963246737414,0.9426428571428571
f1-score,0.963095664636331,0.9734345351043643,0.9310839913854988,0.9276773296244785,0.9380987472365512,0.9239040529363111,0.9510246613407434,0.9453492580528411,0.9399421128798842,0.9265893923428169,0.9426428571428571,0.942019974553982,0.9424948959301791
support,1383.0,1569.0,1357.0,1467.0,1362.0,1247.0,1407.0,1382.0,1375.0,1451.0,0.9426428571428571,14000.0,14000.0
